Apu,Mathur,10/01/2019,1,8,Raju Mathurssd,Abhas
Abhishek,Trivedi,01/01/2019,2,24,OP Trivedi,Pushpa Trivedi
Johnny,Dep,07/01/2020,3,56,Sha dep,Mia Dep
astha,sethi,22/11/2019,4,24,nihit sethi,neha sethi
Pulkit,Rajoria,22/11/2019,5,8,Manik Rajoria,Anita Rajoria
Shubham,Gupta,22/11/2019,6,35,Arvind Gupta,Asha Gupta
qwer,asd,22/11/2019,7,8,asdf,asd
Rashi,Bhargava,22/11/2019,8,9,Kapil bhargava,muskan bhargava
vikram,v,23/11/2019,9,8,dfgh ,asd
Arshia,Seth,23/11/2019,10,24,Manik Seth,Anita Seth
astha,dfg,23/11/2019,11,78,astha,moth
